,,001,002,003,004,005,006,007,008,009,010,011,012,013,014,015,016,017,018,019,020,021,022,023,024,025,026,027,028,029,030,031,032,033,034,035,036,037,038,039,040,041,042,043,044,045,046,047,048,049,050,051,052,053,054,055,056,057,058,059,060,061,062,063,064,065,066,067,068,069,070,071,072,073,074,075,076,077,078,079,080,081,082,083,084,085,086,087,088,089,090,091,092,093,094,095,096,097,098,099,100,101,102,103,104,105,106,107,108,109,110,111,120,121,122,123,124,125,126,127,128,130,131,132,133,134,__
,,____,__,______,__,__,____,__________,_____,__,_____,_____,_____,_________,_______,__________,_______,__,________________,___,______,____________,______,______,____________,____,________,____,________,________,______________________,____,____,___,_______________,____,____,________,____,___________,_________,___________,___,"_________
__",_____,__,____,________,_________,________,__________,________,_____,_____,_____,______,________,_______,_______,____________,________,__________,___________,___,__________,______,____________,__________,___________,__,____,____,________,__,______,__,_____,__,__,_____,_________,_____,____,____,__,____,______,__,________,______,__,__,______,_____________,____________,__,__,__,____,_________,__,_____________,________,__,__________,____________,___,______,____________,______,___________,____,____,___,_____,________,__,__,__,____,_________,____,__,__,____,_____________,__(__)
001,____,4.81E+07,161572.3019,780792.6356,6827.51393,779.4928198,0,0,0,0,0,0,0,0,0,0,0,0,0,0,0,0,0,0,0,0,0,0,0,0,0,0,0,0,0,0,0,0,0,0,0,0,0,0,0,0,0,0,0,0,0,0,0,0,0,0,0,0,0,0,0,0,0,0,0,0,0,0,0,0,0,0,0,0,0,0,0,0,0,0,0,0,0,0,0,0,0,0,0,0,0,0,0,0,0,0,0,0,0,0,0,0,0,0,0,0,0,0,0,0,0,0,0,0,0,0,0,0,0,0,0,0,0,0,0,0,49081805.17
002,__,321590.4615,9.01E+07,185833.3421,1535.877321,0,0,0,0,0,0,0,0,0,0,0,0,0,0,0,0,0,0,0,0,0,0,0,0,0,0,0,0,0,0,0,0,0,0,0,0,0,0,0,0,0,0,0,0,0,0,0,0,0,0,0,0,0,0,0,0,0,0,0,0,0,0,0,0,0,0,0,0,0,0,0,0,0,0,0,0,0,0,0,0,0,0,0,0,0,0,0,0,0,0,0,0,0,0,0,0,0,0,0,0,0,0,0,0,0,0,0,0,0,0,0,0,0,0,0,0,0,0,0,0,0,90596558.85
003,______,232052.1763,48151.16349,3.79E+07,7560.404035,0,0,0,0,0,0,0,0,0,0,0,0,0,0,0,0,0,0,0,0,0,0,0,0,0,0,0,0,0,0,0,0,0,0,0,0,0,0,0,0,0,0,0,0,0,0,0,0,0,0,0,0,0,0,0,0,0,0,0,0,0,0,0,0,0,0,0,0,0,0,0,0,0,0,0,0,0,0,0,0,0,0,0,0,0,0,0,0,0,0,0,0,0,0,0,0,0,0,0,0,0,0,0,0,0,0,0,0,0,0,0,0,0,0,0,0,0,0,0,0,0,38191627.95
004,__,40967.69201,24771.48257,11907.53497,52367219.52,13404.9426,0,0,0,0,0,0,0,0,0,0,0,0,0,0,0,0,0,0,0,0,0,0,0,0,0,0,0,0,0,0,0,0,0,0,0,0,0,0,0,0,0,0,0,0,0,0,0,0,0,0,0,0,0,0,0,0,0,0,0,0,0,0,0,0,0,0,0,0,0,0,0,0,0,0,0,0,0,0,0,0,0,0,0,0,0,0,0,0,0,0,0,0,0,0,0,0,0,0,0,0,0,0,0,0,0,0,0,0,0,0,0,0,0,0,0,0,0,0,0,0,52458271.17
005,__,0,81.26225612,0,0,53556937.99,0,0,0,0,0,0,0,0,0,0,0,0,0,0,0,0,0,0,0,0,0,0,0,0,0,0,0,0,0,0,0,0,0,0,0,0,0,0,0,0,0,0,0,0,0,0,0,0,0,0,0,0,0,0,0,0,0,0,0,0,0,0,0,0,0,0,0,0,0,0,0,0,0,0,0,0,0,0,0,0,0,0,0,0,0,0,0,0,0,0,0,0,0,0,0,0,0,0,0,0,0,0,0,0,0,0,0,0,0,0,0,0,0,0,0,0,0,0,0,0,53557019.25
006,____,0,0,0,0,0,6278141.24,0,0,0,0,0,0,0,0,0,0,0,0,0,0,0,0,0,0,0,0,0,0,0,0,0,0,0,0,0,0,0,0,0,0,0,0,0,0,0,0,0,0,0,0,0,0,0,0,0,0,0,0,0,0,0,0,0,0,0,0,0,0,0,0,0,0,0,0,0,0,0,0,0,0,0,0,0,0,0,0,0,0,0,0,0,0,0,0,0,0,0,0,0,0,0,0,0,0,0,0,0,0,0,0,0,0,0,0,0,0,0,0,0,0,0,0,0,0,0,6278141.24
007,__________,0,0,0,0,0,0,1.37E+07,0,0,0,0,0,0,0,0,0,0,0,0,0,0,0,0,0,0,0,0,0,0,0,0,0,0,0,0,0,0,0,0,0,0,0,0,0,0,0,0,0,0,0,0,0,0,0,0,0,0,0,0,0,0,0,0,0,0,0,0,0,0,0,0,0,0,0,0,0,0,0,0,0,0,0,0,0,0,0,0,0,0,0,0,0,0,0,0,0,0,0,0,0,0,0,0,0,0,0,0,0,0,0,0,0,0,0,0,0,0,0,0,0,0,0,0,0,0,13716990.48
008,_____,0,0,0,0,0,0,0,21827275.13,0,0,0,0,0,0,0,0,0,0,0,0,0,0,0,0,0,0,0,0,0,0,0,0,0,0,0,0,0,0,0,0,0,0,0,0,0,0,0,0,0,0,0,0,0,0,0,0,0,0,0,0,0,0,0,0,0,0,0,0,0,0,0,0,0,0,0,0,0,0,0,0,0,0,0,0,0,0,0,0,0,0,0,0,0,0,0,0,0,0,0,0,0,0,0,0,0,0,0,0,0,0,0,0,0,0,0,0,0,0,0,0,0,0,0,0,0,21827275.13
009,__,0,0,0,0,0,0,0,0,7.76E+07,75636736.83,90743.41726,0,7085.222294,0,4440.303807,49461.20525,117530.3082,30268.76034,0,0,0,0,0,0,0,0,0,0,0,0,0,0,0,0,0,0,0,0,0,0,0,0,0,0,0,0,0,0,0,0,0,0,0,0,0,0,0,0,0,0,0,0,0,0,0,0,0,0,0,0,0,0,6.001247939,0,0,2252738.461,0,55345.56809,0,1138.703219,0,0,0,0,0,0,94651.92571,0,0,0,0,0,0,0,0,0,0,0,0,0,0,0,0,416.6109814,0,0,0,0,0,0,0,0,0,0,0,0,0,0,0,0,0,0,0,0,0,155957930.5
010,_____,0,0,0,0,0,0,0,0,75636736.83,75636736.83,90743.41726,0,7085.222294,0,4440.303807,49461.20525,117530.3082,30268.76034,0,0,0,0,0,0,0,0,0,0,0,0,0,0,0,0,0,0,0,0,0,0,0,0,0,0,0,0,0,0,0,0,0,0,0,0,0,0,0,0,0,0,0,0,0,0,0,0,0,0,0,0,0,0,6.001247939,0,0,0,0,55345.56809,0,0,0,0,0,0,0,0,94651.92571,0,0,0,0,0,0,0,0,0,0,0,0,0,0,0,0,416.6109814,0,0,0,0,0,0,0,0,0,0,0,0,0,0,0,0,0,0,0,0,0,151723423
011,_____,0,0,0,0,0,0,0,0,21520.31447,21520.31447,2.53E+08,0,2246.199434,154323.496,3954.584572,401528.0699,29794.30917,840.7706422,0,0,0,0,0,0,0,0,0,0,0,0,0,0,0,0,0,0,0,0,0,2400.261596,0,0,0,0,0,0,0,0,0,0,0,0,0,0,0,0,0,0,0,0,0,0,0,0,0,0,0,0,0,0,0,0,706.6484989,0,0,0,0,399779.4662,0,0,0,0,0,0,0,0,60654.94617,0,0,0,0,0,0,0,0,0,0,0,0,0,0,0,0,10518.88301,0,0,0,0,0,0,0,0,0,0,0,0,0,0,0,0,0,0,0,0,0,254250930.9
012,_____,0,0,0,0,0,0,0,0,0,0,0,173691423.4,78.07447189,0,848.4946712,104538.3982,151,19534.88911,0,0,0,0,0,0,0,0,0,763,0,0,0,0,0,0,0,0,0,0,0,0,0,0,0,0,0,0,0,0,0,0,0,0,0,0,0,0,0,0,0,0,0,0,0,0,0,0,0,0,0,0,0,0,0,0,0,0,0,38213.11376,0,0,0,0,0,0,0,0,0,0,0,0,0,0,0,0,0,0,0,0,0,0,0,0,0,0,0,0,0,0,0,0,0,0,0,0,0,0,0,0,0,0,0,0,0,0,0,173855550.3
013,_________,0,0,0,0,0,0,0,0,10643.70436,10643.70436,2499.322416,17539.3765,181810301.2,7704.098594,47902.33128,695382.3075,0,0,0,0,0,0,0,0,0,109.8139636,0,0,0,0,0,0,0,0,0,0,0,0,0,0,0,0,0,0,0,0,0,0,0,0,0,0,0,0,0,0,0,0,0,0,0,0,0,0,0,0,450.7320417,0,0,0,0,0,0,0,0,0,0,0,0,0,0,0,0,0,0,0,0,0,0,0,0,0,0,0,0,0,0,0,0,0,0,0,0,0,0,0,0,0,0,0,0,0,0,0,0,0,0,0,0,0,0,0,0,0,0,182603176.6
014,_______,0,0,0,0,0,0,0,0,7461.278576,7461.278576,80071.16773,10.00027004,5769.503281,1.70E+08,20385.91093,66639.27329,73294,0,0,0,0,0,0,0,0,0,0,880,0,0,0,0,0,0,0,0,0,0,0,0,0,0,0,0,0,0,0,0,0,0,592,0,0,0,0,0,0,0,0,0,0,0,0,0,0,0,0,0,0,0,0,0,20.00002243,0,0,0,0,0,0,0,0,0,0,0,0,0,1708.851019,0,0,0,0,0,0,0,0,0,0,0,0,0,0,0,0,0,0,0,0,0,0,0,0,0,0,0,0,0,0,0,0,0,0,0,0,0,0,170329629.1
015,__________,0,0,0,0,0,0,0,0,31710.32013,31710.32013,5048.876294,0,0,11976.54232,507027421.1,118703.354,1406.288825,491593,0,0,0,0,0,0,0,0,0,0,0,0,0,0,0,6614,0,0,0,0,19813,0,0,0,0,0,0,0,0,0,0,0,0,0,0,0,0,0,0,0,0,0,0,0,0,0,0,0,274.3290074,0,0,0,0,0,0,0,0,0,0,0,0,0,0,0,0,0,0,0,0,0,0,0,0,0,0,0,0,0,0,0,0,0,0,0,0,0,0,0,0,0,0,0,0,0,0,0,0,0,0,0,0,0,0,0,0,0,0,507746271.1
016,_______,0,0,0,0,0,0,0,0,19908.47012,19908.47012,304077.1417,26551.00518,106785.4992,120310.6903,86703.69621,4.05E+08,4682.398723,17112.297,0,0,56.5996475,0,0,0,0,0,13455.55549,0,9338.941838,9338.941838,0,0,7569.192145,8607.189252,0,0,0,0,0,0,0,0,0,0,0,0,0,0,0,0,0,0,0,0,0,0,0,0,0,0,0,0,0,0,0,0,31467.24306,0,0,0,0,0,23898.21725,0,0,0,0,52529.90378,0,0,0,0,0,0,0,0,19736.54763,0,0,0,0,0,0,0,0,0,0,0,0,0,0,0,0,9844.571367,0,0,0,0,0,0,0,0,0,0,0,0,0,0,0,0,0,0,0,0,0,405491962
017,__,0,0,0,0,0,0,0,0,328.5259763,328.5259763,63.06932401,254.214381,12143.93734,69450.80725,3516.193974,28877.37557,507974328.6,0,0,0,0,0,0,0,0,0,0,602,125932.3019,125932.3019,156,0,0,4243,0,0,0,0,0,0,0,0,751.350064,0,0,0,0,0,0,0,0,0,0,0,0,0,0,0,0,0,0,0,0,0,0,0,0,0,0,0,0,0,294.0003297,0,0,0,0,0,0,0,0,0,0,0,0,0,5849.724918,0,0,0,0,0,0,0,0,0,0,0,0,0,0,0,0,0,0,0,0,0,0,0,0,0,0,0,0,0,0,0,0,0,0,0,0,0,0,508353051.9
018,________________,0,0,0,0,0,0,0,0,87.4580615,87.4580615,331.3741856,0,0,20.27505847,91389.90008,796.5562829,35.24109015,181691263.5,0,0,0,16117.42986,0,0,0,0,0,0,0,0,2367.19437,0,0,5968.833783,0,0,0,0,344.3557951,0,0,0,0,0,0,0,0,0,0,0,0,0,0,0,0,0,0,0,0,0,0,0,0,0,0,0,0,0,0,0,0,0,0,0,0,0,0,0,0,0,0,0,0,0,0,0,485.4355182,0,0,0,0,0,0,0,0,0,0,0,0,0,0,0,0,0,0,0,0,0,0,0,0,0,0,0,0,0,0,0,0,0,0,0,0,0,0,181809295
019,___,0,0,0,0,0,0,0,0,0,0,0,0,0,0,0,0,0,0,165831622,0,0,0,0,0,0,0,0,0,0,0,0,0,0,0,0,0,0,0,0,0,0,0,0,0,0,0,0,0,0,0,0,0,0,0,0,0,0,0,0,0,0,0,0,0,0,0,0,0,0,0,0,0,0,0,0,0,0,0,0,0,0,0,0,0,0,0,0,0,0,0,0,0,0,0,0,0,0,0,0,0,0,0,0,0,0,0,0,0,0,0,0,0,0,0,0,0,0,0,0,0,0,0,0,0,0,165831622
020,______,0,0,0,0,0,0,0,0,0,0,0,0,0,0,0,0,0,0,0,664212885.5,1004.951599,0,0,0,0,0,0,0,0,0,0,237,0,0,0,0,114.4022114,0,0,0,0,0,0,0,0,0,0,0,0,0,4601.939647,0,0,0,0,0,0,0,0,0,0,0,0,0,0,0,0,0,0,0,0,0,0,0,0,0,0,0,0,0,0,0,0,0,0,0,0,0,0,0,0,0,0,0,0,0,0,0,0,0,0,0,0,3761.192016,0,0,0,0,0,0,0,0,0,0,0,0,0,0,0,0,0,0,0,0,0,664222605
021,____________,0,0,0,0,0,0,0,0,0,0,0,0,0,0,0,0,0,1019,0,8773.707938,668275512.1,0,856.3199348,0,0,3448.748917,0,0,0,0,0,591,0,0,0,0,1012.163983,997,303,0,0,0,5602.082344,0,0,0,992.6289125,0,0,180.623026,1388,0,0,0,0,333,0,0,0,0,0,0,0,0,0,0,2525.140212,0,0,0,0,0,9507.010872,0,0,0,0,0,0,0,0,0,0,0,0,0,0,0,0,0,0,0,0,0,0,0,0,0,0,0,0,0,0,260347.2341,0,0,0,0,0,0,0,0,0,0,0,0,0,0,0,0,0,0,0,0,0,668573388.8
022,______,0,0,0,0,0,0,0,0,0,0,0,0,0,0,0,7656.754922,0,10601.22064,0,0,0,5.10E+08,239949.9295,0,103,0,0,0,0,0,0,0,0,2747.824583,0,0,12968,0,0,0,0,0,0,0,0,0,0,0,0,180.6438255,301.7129852,0,0,0,0,0,0,0,0,0,0,0,0,0,0,0,6852.861024,0,0,0,0,0,10.00116276,0,0,0,0,0,10797.01462,0,0,0,0,0,0,0,0,0,0,0,0,0,0,0,0,0,0,0,0,0,0,0,0,7691.845065,0,0,0,0,0,0,0,0,0,0,0,0,0,0,0,0,0,0,0,0,0,510538758.5
023,______,0,0,0,0,0,0,0,0,0,0,0,0,0,0,0,0,0,0,0,0,0,139546.836,845512439.5,130.1061224,0,1297.673621,0,0,0,0,0,0,0,0,0,0,1968.568811,0,0,1591.821239,0,0,0,0,0,0,0,0,0,12779.57041,21666.81399,0,0,70.05455963,0,0,0,0,0,0,0,3716,0,0,0,0,9719.102661,0,0,0,0,0,36.02576137,0,0,0,0,0,2343.541278,0,0,0,0,0,0,0,0,0,0,0,0,0,0,0,0,0,0,0,0,0,0,0,0,49863.66016,0,0,0,0,0,0,0,0,0,0,0,0,0,0,0,0,0,0,0,0,0,845757169.2
024,____________,0,0,0,0,0,0,0,0,0,0,0,0,0,0,0,0,0,0,0,0,0,0,0,529895748.1,85417,0,0,15898,0,0,0,0,0,0,0,0,0,0,0,0,0,0,0,0,0,0,0,0,0,0,0,0,0,0,0,0,0,0,0,0,0,0,0,0,0,0,0,0,0,0,0,0,1098861.232,0,0,0,0,0,9382,0,0,0,0,0,0,0,0,0,0,0,0,0,0,0,0,0,0,0,0,0,0,0,0,0,0,0,0,0,0,0,17661,0,0,0,0,0,0,0,0,0,0,0,0,0,0,531122967.3
025,____,0,0,0,0,0,0,0,0,0,0,0,0,0,0,0,0,0,0,0,0,31655.25014,150,0,728781,337159559.9,5007.351426,0,0,0,0,0,0,0,0,0,0,8533.000028,0,0,0,0,0,0,0,0,0,0,0,0,0,0,0,0,0,0,0,0,0,0,0,0,0,0,0,0,0,0,0,0,0,0,0,0,0,0,0,0,0,4781,0,0,0,0,0,0,0,0,0,0,0,0,0,0,0,0,0,0,0,0,0,0,0,0,0,0,0,0,0,0,0,8939,0,0,0,0,0,0,0,0,0,0,0,0,0,0,337947406.5
026,________,0,0,0,0,0,0,0,0,0,0,0,0,0,0,0,0,0,0,0,906.8580938,552.5500923,0,2494.042082,0,44883.23965,696025287.6,0,0,0,0,0,0,0,0,0,0,14506.08162,0,0,0,0,0,0,0,0,0,0,27.02557233,0,0,0,0,0,0,0,0,0,0,0,0,0,0,0,0,0,0,33954.18754,0,0,0,0,0,0,0,0,0,0,0,107.1013422,0,0,0,0,0,0,0,0,0,0,0,0,0,0,0,0,0,0,0,0,0,0,0,0,26952.23025,0,0,0,0,0,0,323.3059209,0,0,0,0,0,0,0,0,0,0,0,0,0,0,696149994.3
027,____,0,0,0,0,0,0,0,0,0,0,0,0,0,0,0,0,0,0,0,0,0,0,0,0,0,0,169551593,1569,0,0,0,0,0,303,0,0,0,0,0,0,0,0,2908,0,0,0,0,0,0,0,0,0,0,0,0,0,0,0,0,0,0,0,0,0,0,0,0,0,0,0,0,0,0,0,0,0,0,0,0,0,0,0,0,0,0,0,0,0,0,0,0,0,0,0,0,0,0,0,0,0,0,0,0,0,0,0,0,0,0,0,0,0,0,0,0,0,0,0,0,0,0,0,0,0,0,169556373
028,________,0,0,0,0,0,0,0,0,0,0,0,0,0,0,0,0,0,0,0,0,0,0,0,0,0,0,4138,167629153.8,0,0,3965,0,0,0,0,0,0,0,0,0,0,0,0,0,0,0,0,0,0,0,0,0,20668,0,0,0,0,0,0,0,0,0,0,0,0,0,0,0,0,0,0,0,0,0,0,0,0,0,0,0,0,0,0,0,0,0,0,0,0,0,0,0,0,0,0,0,0,0,0,0,0,0,0,481669.2969,0,0,0,0,0,0,0,0,0,0,0,0,0,0,0,0,0,0,0,0,0,168139594.1
029,________,0,0,0,0,0,0,0,0,0,0,0,0,0,0,0,0,0,536,0,0,0,0,0,0,0,0,3695,4703,41627115.76,41627115.76,0,0,0,6494.5,0,0,0,0,0,0,0,0,0,0,0,0,0,0,0,0,0,0,0,0,0,0,0,0,0,0,0,0,0,0,0,0,0,0,0,0,0,0,7496.008407,0,0,0,0,0,0,0,0,0,0,0,0,0,0,0,0,0,0,0,0,0,0,0,0,0,0,0,0,0,0,0,0,0,0,0,0,0,0,0,0,0,0,0,0,0,0,0,0,0,0,0,0,83277156.02
030,______________________,0,0,0,0,0,0,0,0,0,0,0,0,0,0,0,0,0,536,0,0,0,0,0,0,0,0,3695,4703,41627115.76,41627115.76,0,0,0,6494.5,0,0,0,0,0,0,0,0,0,0,0,0,0,0,0,0,0,0,0,0,0,0,0,0,0,0,0,0,0,0,0,0,0,0,0,0,0,0,7496.008407,0,0,0,0,0,0,0,0,0,0,0,0,0,0,0,0,0,0,0,0,0,0,0,0,0,0,0,0,0,0,0,0,0,0,0,0,0,0,0,0,0,0,0,0,0,0,0,0,0,0,0,0,83277156.02
031,____,0,0,0,0,0,0,0,0,0,0,0,0,0,0,0,7783.471203,0,0,0,0,0,0,0,0,0,15875.11615,0,0,0,0,1.66E+08,0,3800,500,0,600,0,0,0,0,0,0,0,0,0,0,0,0,0,0,0,0,0,0,0,0,0,0,0,0,0,0,0,0,0,0,0,0,0,0,0,0,0,0,0,0,0,0,0,0,0,0,0,0,0,0,0,0,0,0,0,0,0,0,0,0,0,0,0,0,0,0,0,2153.112894,0,0,0,0,0,0,0,0,0,0,0,0,0,0,0,0,0,0,0,0,0,166116140.7
032,____,0,0,0,0,0,0,0,0,0,0,0,0,0,0,0,0,0,0,0,0,667.6879281,0,0,0,0,0,0,0,0,0,0,165875702.9,0,0,0,0,0,0,0,0,0,0,0,0,0,0,0,0,0,0,0,0,0,0,0,0,0,0,0,0,0,0,0,0,0,0,0,0,0,0,0,0,0,0,0,0,0,0,0,0,0,0,0,0,0,0,0,0,0,0,0,0,0,0,0,0,0,0,0,0,0,0,0,0,0,0,0,0,0,0,0,0,0,0,0,0,0,0,0,0,0,0,0,0,0,165876370.6
033,___,0,0,0,0,0,0,0,0,95.68074171,95.68074171,0,0,0,0,0,29706.10233,0,0,0,0,0,0,0,0,0,0,0,0,0,0,0,0,174256706.2,0,0,0,0,0,0,0,0,0,0,0,0,0,0,0,0,0,0,0,0,0,0,0,0,0,0,0,0,0,0,0,0,0,0,0,0,0,0,0,0,0,0,0,0,0,0,0,0,0,0,0,0,0,0,0,0,0,0,0,0,0,0,0,0,0,0,0,0,0,0,0,0,0,0,0,0,0,0,0,0,0,0,0,0,0,0,0,0,0,0,0,0,174286603.6
034,_______________,0,0,0,0,0,0,0,0,0,0,0,0,0,0,0,0,0,192,0,0,15.05528876,23540.49431,230,0,0,0,164949,47769.53405,24477,24477,82344.01593,0,66660,333945842.7,0,0,59476,0,0,0,0,0,0,0,0,0,0,0,0,0,3424.462765,0,0,0,0,0,0,0,0,0,0,0,0,0,0,0,1006.595672,0,0,0,0,0,0,0,0,0,0,0,0,0,0,0,0,0,0,0,0,0,0,0,0,0,0,0,0,0,0,0,0,0,0,0,0,12226.60536,0,0,0,0,0,0,0,0,0,0,0,0,0,0,0,0,0,0,0,0,0,334456630.5
035,____,0,0,0,0,0,0,0,0,0,0,0,0,0,0,0,0,0,0,0,0,0,0,0,0,0,0,0,0,0,0,0,0,0,0,331721174,0,0,0,0,0,0,0,0,0,0,0,0,0,0,0,0,0,0,0,0,0,0,0,0,0,0,0,0,0,0,0,0,0,0,0,0,0,0,0,0,0,0,0,0,0,0,0,0,0,0,0,0,0,0,0,0,0,0,0,0,0,0,0,0,0,0,0,0,0,0,0,0,0,0,0,0,0,0,0,0,0,0,0,0,0,0,0,0,0,0,331721174
036,____,0,0,0,0,0,0,0,0,0,0,0,0,0,0,1699,0,0,0,0,0,0,0,0,0,0,0,0,97720,0,0,0,0,0,0,0,500473442.4,0,0,0,0,0,0,22857.71602,0,0,0,0,0,0,0,0,0,0,0,0,0,0,0,0,0,0,0,0,0,0,0,0,0,0,0,0,0,0,0,0,0,0,0,396,0,0,0,0,0,0,0,0,0,0,0,0,0,0,0,0,0,0,0,0,0,0,0,0,0,0,0,0,0,0,0,0,0,0,0,0,0,0,0,0,0,0,0,0,0,0,500596115.1
037,________,0,0,0,0,0,0,0,0,0,0,0,0,0,0,0,0,0,0,0,0,918.3726141,15004.23548,52234.00452,1573,214651,9842.338421,0,0,0,0,2022,0,0,0,0,0,1003860487,8,0,22718.05314,0,0,0,0,0,0,0,62,0,129882.6313,0,0,89768.08202,0,0,0,0,3480,0,0,0,0,0,0,1493,0,23572.5857,0,0,0,0,0,0,0,0,0,0,0,0,0,0,0,0,0,0,0,0,0,0,0,0,0,0,0,0,0,0,0,0,0,0,0,0,468546.6635,0,0,0,0,0,0,5437,0,0,0,0,0,0,0,0,0,0,0,0,0,0,1004901700
038,____,0,0,0,0,0,0,0,0,0,0,0,0,0,0,0,0,0,0,0,0,0,0,0,0,0,0,0,0,0,0,0,0,0,2667,0,0,0,665090272.1,2840,0,0,0,0,0,0,0,0,0,0,0,29585.37769,0,5612.20386,0,0,20.48323397,0,0,0,0,0,0,0,0,0,0,70456.27582,0,0,0,0,0,0,0,0,0,0,0,0,0,0,0,0,0,0,0,0,0,0,0,0,0,0,0,0,0,0,0,0,0,0,0,0,6484.970977,0,0,0,0,0,0,0,0,0,0,0,0,0,0,0,0,0,0,0,0,0,665207938.4
039,___________,0,0,0,0,0,0,0,0,0,0,0,0,0,0,18322,0,0,4893,0,0,61,0,0,0,0,0,0,0,0,0,0,0,0,0,0,0,0,0,1493344837,0,0,0,0,0,0,0,0,0,0,0,0,0,0,0,0,0,0,0,0,0,0,0,0,0,0,0,0,0,0,0,0,0,0,0,0,0,0,0,0,0,0,0,0,0,0,0,0,0,0,0,0,0,0,0,0,0,0,0,0,0,0,0,0,54071.32916,0,0,0,0,0,0,0,0,0,0,0,0,0,0,0,0,0,0,0,0,0,1493422185
040,_________,0,0,0,0,0,0,0,0,0,0,0,0,0,0,0,0,0,0,0,0,0,0,0,0,0,0,0,0,0,0,0,0,0,0,0,0,854,2881,0,168216854.3,0,0,0,0,0,0,0,0,0,0,0,0,0,0,0,0,0,0,0,0,0,0,0,0,0,0,0,0,0,0,0,0,0,0,0,0,0,0,0,0,0,0,0,0,0,0,0,0,0,0,0,0,0,0,0,0,0,0,0,0,0,0,0,0,0,0,0,0,0,0,0,0,0,0,0,0,0,0,0,0,0,0,0,0,0,168220589.3
041,___________,0,0,0,0,0,0,0,0,0,0,0,0,0,0,0,0,0,0,0,0,0,0,0,0,0,0,0,0,0,0,0,0,0,0,0,2054,1684,0,0,0,179944726.3,0,33268.47525,0,200,0,0,0,0,0,5800,0,7109.312174,0,0,0,0,0,0,0,0,0,0,0,0,0,0,0,0,0,0,0,8950.010037,0,0,0,0,0,0,0,0,0,0,0,0,0,0,0,0,0,0,0,0,0,0,244,0,0,0,0,0,0,0,78409.19455,0,0,0,0,0,0,0,0,0,0,0,0,0,0,0,0,0,0,0,0,0,180082445.2
042,___,0,0,0,0,0,0,0,0,0,0,0,0,0,0,0,0,0,0,0,0,220.8109018,0,0,0,0,0,0,0,0,0,0,0,0,0,0,0,0,0,0,0,0,1.66E+08,0,0,0,0,0,0,0,0,0,0,1364.40767,0,0,0,0,0,0,0,0,0,0,0,0,0,0,0,0,0,0,0,0,0,0,0,0,0,0,0,0,0,0,0,0,0,0,0,0,0,0,0,0,0,0,0,0,0,0,0,0,0,0,0,0,0,0,0,0,0,0,0,0,0,0,0,0,0,0,0,0,0,0,0,0,166075210.3
043,___________,0,0,0,0,0,0,0,0,0,0,0,0,0,0,0,0,0,0,0,0,0,5397,0,0,0,0,2276,0,0,0,0,0,0,11191,0,0,0,0,0,0,39391.8653,0,1004557075,0,0,0,0,0,0,0,0,0,0,0,0,0,0,0,0,0,0,0,0,0,0,0,5402.370713,0,0,0,0,0,0,0,0,0,0,0,0,0,0,0,0,0,0,0,0,0,0,0,0,0,0,0,0,0,0,0,0,0,0,0,0,0,0,0,0,0,0,0,0,0,0,0,0,0,0,0,0,0,0,0,0,0,0,1004620733
044,_____,0,0,0,0,0,0,0,0,0,0,0,0,0,0,0,0,0,0,0,0,0,0,0,0,0,0,0,0,12700.5,12700.5,0,0,0,0,69042,1728024,0,0,0,0,0,0,0,191650907,193787.7577,193787.7577,741.0298376,0,0,76741.07928,32226.35665,1712.802614,0,0,0,0,0,0,0,0,0,0,0,0,0,0,0,0,0,0,0,0,0,0,0,0,0,0,0,0,0,0,0,0,0,0,0,0,0,0,0,0,0,0,0,0,0,0,0,0,0,0,0,0,10826.11277,0,0,0,0,0,0,0,0,0,0,0,0,0,0,0,0,0,0,0,0,193983196.9
045,__,0,0,0,0,0,0,0,0,0,0,0,0,0,0,0,0,0,0,0,0,0,0,0,0,0,0,0,0,0,0,0,0,0,0,0,0,0,0,0,0,0,0,133,112324,542382808.8,41607893.26,9507.123029,2030,0,2485.824396,0,0,1231.721684,0,0,0,0,0,0,0,0,0,0,0,0,0,2280.266905,0,0,0,0,0,0,0,0,0,0,0,0,0,0,0,0,0,0,0,0,0,0,0,0,0,0,0,0,0,0,0,0,0,0,0,0,640.8074088,577.655409,0,0,0,0,0,0,0,0,0,0,0,0,0,0,0,0,0,0,0,0,584121912.5
046,____,0,0,0,0,0,0,0,0,0,0,0,0,0,0,0,0,0,0,0,0,0,0,0,0,0,0,0,0,0,0,0,0,0,0,0,0,0,0,0,0,0,0,0,0,41607893.26,4.16E+07,0,0,0,0,0,0,0,0,0,0,0,0,0,0,0,0,0,0,0,0,0,0,0,0,0,0,0,0,0,0,0,0,0,0,0,0,0,0,0,0,0,0,0,0,0,0,0,0,0,0,0,0,0,0,0,0,0,0,0,0,0,0,0,0,0,0,0,0,0,0,0,0,0,0,0,0,0,0,0,83215786.51
047,________,0,0,0,0,0,0,0,0,0,0,0,0,0,0,0,0,0,0,0,0,0,146.0197755,0,0,0,0,0,0,0,0,0,0,0,0,0,0,12915,0,0,0,0,0,249.139118,16334,380,0,176386359.8,181191,0,27479.53562,13589.62655,0,3791.203844,0,0,0,14266,0,0,0,0,0,0,0,0,0,0,0,0,0,0,0,0,0,0,0,0,0,0,0,0,0,0,0,0,0,0,0,0,0,0,0,0,0,0,0,0,0,0,0,0,0,0,261564.7681,0,0,0,0,0,0,0,0,0,0,0,0,0,0,0,0,0,0,0,0,0,176918266.1
048,_________,0,0,0,0,0,0,0,0,0,0,0,0,0,0,0,0,0,0,0,0,0,0,0,0,0,0,0,30054,0,0,0,0,0,0,0,0,0,0,0,55.6597522,0,0,44499,0,0,0,51.74789369,862819904.8,0,810.4727832,311854.1694,0,0,0,0,0,0,0,0,0,0,0,0,0,0,0,0,0,0,0,0,0,0,0,0,0,0,0,0,0,0,0,0,0,0,0,0,0,0,0,0,0,0,0,0,0,0,0,0,0,0,0,0,5511.531751,0,0,0,0,0,0,0,0,0,0,0,0,0,0,0,0,0,0,0,0,0,863212741.4
049,________,0,0,0,0,0,0,0,0,0,0,0,0,0,0,0,0,0,0,0,0,0,0,0,0,0,0,0,0,0,0,0,0,0,0,0,0,0,0,0,0,0,0,0,0,0,0,0,0,1.66E+08,0,0,0,0,16651,0,124.9477272,33546,122000,3359,0,0,0,0,0,0,0,0,0,0,0,0,0,0,0,0,0,0,0,0,0,0,0,0,0,0,0,0,0,0,0,0,0,0,0,0,0,0,0,0,0,0,0,0,0,0,0,0,0,0,0,0,0,0,0,0,0,0,0,0,0,0,0,0,0,0,166663925
050,__________,0,0,0,0,0,0,0,0,0,0,0,0,0,0,0,0,0,0,0,0,1405.728326,3226.303719,11903.85357,0,0,0,0,0,0,0,0,0,0,0,0,0,11026.26603,1000.404254,0,8103.034782,341.7613495,2105.850955,0,2280.921699,0,0,27401.40908,10684.31743,0,203497835.5,302682.9131,60318.20499,86819.2453,0,0,2010.217562,17.00687232,8093.519582,1556.629019,9860.984732,200.0808508,0,10301.66281,10301.66281,9982.033646,1367.798378,61115.75236,0,0,0,0,0,0,0,0,0,0,0,0,0,0,0,0,0,0,0,0,0,0,0,0,0,0,0,0,0,0,0,0,0,0,0,0,1208089.74,11.41252821,0,0,0,0,0,0,0,0,0,0,0,0,0,0,0,0,0,0,0,0,205350044.2
051,________,0,0,0,0,0,0,0,0,0,0,0,0,0,0,0,0,0,0,0,0,0,0,38,0,0,0,0,0,0,0,0,0,0,0,0,0,3201,0,0,0,0,0,101.6711859,16929,1951,1951,1093.950473,18633.98647,0,41535.2719,1.35E+09,95.17800417,82932.94499,7014,0,0,5924,142,0,0,0,0,456.5,456.5,0,0,8330.281466,0,0,0,0,0,0,0,0,0,0,0,0,0,0,0,0,0,0,0,0,0,0,0,0,0,0,0,0,0,0,0,0,0,0,0,0,273611.9474,178.378331,0,0,0,0,0,0,0,0,0,0,0,0,0,0,0,0,0,0,0,0,1347061816
052,_____,0,0,0,0,0,0,0,0,0,0,0,0,0,0,0,0,0,0,0,0,0,0,0,0,0,0,0,0,0,0,0,0,0,30.00264854,0,0,3884.69671,0,0,0,1798.439488,0,0,444.0371678,3401,0,1471.835366,906.0751302,0,26193.68045,55018.16084,670095950.1,54368.55569,32740,0,5247.447435,7006,0,23656.35623,0,0,32795,0,0,525.0267502,2537.306817,613.0042109,0,0,0,0,0,12038.0135,0,0,0,0,0,0,0,0,0,0,0,0,0,0,0,0,0,0,0,0,0,0,0,0,0,0,0,0,0,0,1095556.534,0,0,0,0,0,0,0,0,0,0,0,0,0,0,0,0,0,0,0,0,0,671456181.3
053,_____,0,0,0,0,0,0,0,0,0,0,0,0,0,0,0,40112.94823,0,0,0,0,0,0,807.0041343,0,0,23522.75212,0,0,0,0,0,0,0,235.1753295,0,0,63958,34,0,0,0,0,948.8333498,1624.086281,0,0,30.01377834,662,0,122043.4462,72287.4678,190732.7575,1346089847,32174.51303,0,23988.78348,16519.16414,42888,24304,31542.9137,935,14544,194850.5732,194850.5732,18060,18455.6167,14185.77526,0,0,0,0,0,0,0,0,0,0,0,0,0,0,0,0,0,0,0,0,0,0,0,0,0,0,0,0,0,0,0,0,0,0,0,0,2552472.699,0,0,1492.102213,0,0,0,0,0,0,0,0,0,0,0,0,0,0,0,0,0,0,1349788110
054,_____,0,0,0,0,0,0,0,0,0,0,0,0,0,0,0,0,0,0,0,0,0,0,0,0,0,0,0,0,0,0,0,0,0,0,0,0,0,0,0,0,0,0,0,2605,0,0,0,174,0,0,0,11585,2886.868292,8.36E+08,728818,9087.38675,0,3268,953,796,0,950,1008.5,1008.5,0,310.263078,0,0,0,0,0,0,0,0,0,0,0,0,0,0,0,0,0,0,0,0,0,0,0,0,0,0,0,0,0,0,0,0,0,0,0,0,0,39076.43579,0,0,0,0,0,0,0,0,0,0,0,0,0,0,0,0,0,0,0,0,0,836402519.4
055,______,0,0,0,0,0,0,0,0,0,0,0,0,607.579544,0,0,0,0,0,0,0,0,0,0,0,0,0,0,0,0,0,0,0,0,0,0,0,1225,756,0,0,0,0,0,0,0,0,0,0,0,0,0,9637.396101,32357.48686,10110,1.77E+08,113680.1414,9863,0,19851,148299.0213,0,0,0,0,0,0,0,0,0,0,0,0,0,0,0,0,0,0,0,0,0,0,0,0,0,0,0,0,0,0,0,0,0,0,0,0,0,0,0,0,0,0,0,0,0,0,0,0,0,0,0,0,0,0,0,0,0,0,0,0,0,0,0,0,0,177231941.4
056,________,0,0,0,0,0,0,0,0,0,0,0,0,0,0,0,0,0,0,0,0,0,0,0,0,0,0,0,0,0,0,0,0,0,0,0,0,10013,0,0,704.896979,0,0,9318,4,0,0,0,5314,0,8466.704344,0,9126.942163,2800208.551,449859.5029,374634,943278125.6,3420,80,12995,55090291.71,5124,14997877.19,0,0,0,2045.539431,10316.11714,0,0,0,0,0,0,0,0,0,0,0,0,0,0,0,0,0,0,0,0,0,0,0,0,0,0,0,0,0,0,0,0,0,0,0,0,2934.897932,0,0,0,0,0,0,0,0,0,0,0,0,0,0,0,0,0,0,0,0,0,1017070860
057,_______,0,0,0,0,0,0,0,0,0,0,0,0,0,0,0,0,0,0,0,0,0,0,0,0,0,0,0,0,0,0,0,0,0,0,0,0,0,0,0,0,0,0,0,3328827.127,0,0,0,0,0,3235.629084,206.0383671,21926.67969,1519603.928,0,0,86880.10773,344817967.5,0,145201.4241,1113.008674,506.278314,16374.68809,5530.342211,5530.342211,0,0,21214.2819,0,0,0,0,0,0,0,0,0,0,0,0,0,0,0,0,0,0,0,0,0,0,0,0,0,0,0,0,0,0,0,0,0,0,0,0,97907.4021,0,0,0,0,0,0,0,0,0,0,0,0,0,0,0,0,0,0,0,0,0,350072024.7
058,_______,0,0,0,0,0,0,0,0,0,0,0,0,0,0,0,0,0,0,0,0,0,0,0,0,0,0,0,0,0,0,0,0,0,0,0,0,0,6660,0,0,0,0,0,0,0,0,0,0,0,6048.613584,7385.287031,0,71990.1419,35826,0,99344.70891,266,498519314.1,465,0,0,264,0,0,0,0,102,0,0,0,0,0,0,0,0,0,0,0,0,0,0,0,0,0,0,0,0,0,0,0,0,0,0,0,0,0,0,0,0,0,0,0,0,28515.92969,0,0,0,0,0,0,0,0,0,0,0,0,0,0,0,0,0,0,0,0,0,498776181.7
059,____________,0,0,0,0,0,0,0,0,0,0,0,0,0,0,0,0,0,0,0,0,0,0,0,0,0,0,0,0,0,0,0,0,0,0,0,0,0,0,0,0,0,0,0,0,0,0,0,0,0,7219.276571,0,736,16962.52221,668902,0,40,5336,25,501738596.1,4571,7812,0,391.5,391.5,0,323,1353.345415,0,0,0,0,0,0,0,0,0,0,0,0,0,0,0,0,0,0,0,0,0,0,0,0,0,0,0,0,0,0,0,0,0,0,0,0,530306.5793,0,0,0,0,0,0,0,0,0,0,0,0,0,0,0,0,0,0,0,0,0,502982965.8
060,________,0,0,0,0,0,0,0,0,0,0,0,0,0,0,0,0,0,0,0,0,0,0,0,0,0,0,0,0,0,0,0,0,0,0,0,0,1340,0,0,0,0,0,0,0,0,0,0,924,0,0,0,5519.858254,13237.04462,9666.192503,0,19329.35941,0,0,1444,332062763.2,53923,13,3714.5,3714.5,904,1729,0,0,0,0,0,0,0,0,0,0,0,0,0,0,0,0,0,0,0,0,0,0,0,0,0,0,0,0,0,0,0,0,0,0,0,0,0,0,0,0,0,0,0,0,0,0,0,0,0,0,0,0,0,0,0,0,0,0,0,332178221.6
061,__________,0,0,0,0,0,0,0,0,0,0,0,0,0,0,0,0,0,0,0,0,0,0,0,0,0,0,0,0,0,0,0,0,0,0,0,0,0,0,0,0,0,0,0,0,0,0,0,23301,55656,0,22407.86295,0,3544.189767,6318.353621,0,527053.9267,130325,3416,23373,179080.1247,1.77E+08,0.00E+00,8079,8079,0,0,7880.834653,0,0,0,0,0,0,0,0,0,0,0,0,0,0,0,0,0,0,0,0,0,0,0,0,0,0,0,0,0,0,0,0,0,0,0,0,82779.50107,0,0,0,0,0,0,0,0,0,0,0,0,0,0,0,0,0,0,0,0,0,177712599
062,___________,0,0,0,0,0,0,0,0,0,0,0,0,0,0,0,0,0,0,0,0,0,0,0,0,0,0,0,0,0,0,0,0,0,0,0,0,0,0,0,0,0,0,0,3,0,0,0,0,0,0,0,0,17401.16176,2834.401624,0,0,0,0,4673,12788,1.10E+03,1.66E+08,1192,1192,0,0,0,0,0,0,0,0,0,0,0,0,0,0,0,0,0,0,0,0,0,0,0,0,0,0,0,0,0,0,0,0,0,0,0,0,0,0,0,256.3229635,0,0,0,0,0,0,0,0,0,0,0,0,0,0,0,0,0,0,0,0,0,166201330.9
063,___,0,0,0,0,0,0,0,0,0,0,0,0,0,0,0,0,0,0,0,0,0,0,208.8585207,136,0,0,0,0,0,0,29560,0,0,0,0,0,768,0,0,0,0,0,0,37.5,0,0,0,3307,0,6088.124871,185118.8331,1853.503981,26427.1146,344.7576402,0,646.9443421,5076,24312.5,1662.5,378.5,0,0,51730497.24,51730497.24,645.5,1234.915238,28581.91442,0,0,0,0,0,0,0,0,0,0,0,0,0,0,0,0,0,0,0,0,0,0,0,0,0,0,0,0,0,0,0,0,0,0,0,0,285140.0727,0,0,0,0,0,0,0,0,0,0,0,0,0,0,0,0,0,0,0,0,0,104062523
064,__________,0,0,0,0,0,0,0,0,0,0,0,0,0,0,0,0,0,0,0,0,0,0,208.8585207,136,0,0,0,0,0,0,29560,0,0,0,0,0,768,0,0,0,0,0,0,37.5,0,0,0,3307,0,6088.124871,185118.8331,1853.503981,26427.1146,344.7576402,0,646.9443421,5076,24312.5,1662.5,378.5,0,0,51730497.24,51730497.24,645.5,1234.915238,28581.91442,0,0,0,0,0,0,0,0,0,0,0,0,0,0,0,0,0,0,0,0,0,0,0,0,0,0,0,0,0,0,0,0,0,0,0,0,285140.0727,0,0,0,0,0,0,0,0,0,0,0,0,0,0,0,0,0,0,0,0,0,104062523
065,______,0,0,0,0,0,0,0,0,0,0,11558.88702,0,0,0,0,0,0,0,0,0,0,0,0,0,0,0,0,0,0,0,0,0,0,0,0,0,20276,0,0,0,0,0,0,20951,0,0,0,0,0,200608.9638,248.2089424,60407.79474,5017,0,0,0,2469,0,0,0,0,0,0,0,173623432,0,0,0,0,0,0,0,0,0,0,0,0,0,0,0,0,0,0,0,0,0,204.2858361,0,0,0,0,0,0,0,0,0,0,0,0,0,0,0,0,341922.0172,0,0,0,0,0,0,0,0,0,0,0,0,0,0,0,0,0,0,0,0,0,174287095.2
066,____________,0,0,0,0,0,0,0,0,0,0,0,0,0,0,0,0,0,0,0,0,0,0,313.287781,0,0,0,0,0,0,0,0,0,0,0,0,0,0,0,0,0,0,0,0,0,0,0,0,0,0,1299.356893,111,120.2670063,13778.39433,382,0,0,5539,0,0,0,0,0,613,613,0,664031749.7,0,0,0,0,0,0,0,0,0,0,0,0,0,0,0,0,0,0,0,0,0,0,0,0,0,0,0,0,0,0,0,0,0,0,0,0,0,26119.30998,0,0,0,0,0,0,0,0,0,0,0,0,0,0,0,0,0,0,0,0,0,664080638.3
067,__________,0,0,0,0,0,0,0,0,0,0,0,0,0,0,19147,0,0,10678,0,401.315657,1505.528876,6048.30652,25339.53044,2864.095125,0,4379.486716,0,0,0,0,0,0,0,1360,0,0,7551.961685,0,0,3533.560822,0,0,2910,0,40.01585414,0,0,0,0,1873.990741,15065.27695,0,12385.57756,4377,0,61210.96415,85,0,846,8,0,5945,51,51,0,0,1.66E+09,0.00E+00,0,0.00E+00,0,0,17.00001907,0,0,0,0,0,0,0,0,0,0,0,0,0,0,0,0,0,0,0,0.00E+00,0,0,0,0,0,0,0,0,0,0,232793.2012,0,0,0,0,0,0,0,0,0,0,0,0,0,0,0,0,0,0,0,0,0,1664394239
068,___________,0,0,0,0,0,0,0,0,0,0,0,0,0,0,0,0,0,0,0,0,0,0,0,0,0,0,0,0,0,0,0,0,0,0,0,0,0,0,0,0,0,0,0,0,0,0,0,0,0,0,0,0,0,0,0,0,0,0,0,0,0,0,0,0,0,0,0,1.02E+09,0,0,0,0,0,0,0,0,0,0,0,0,0,0,0,0,0,0,0,0,0,0,0,0,0,0,0,0,0,0,0,0,0,0,0,0,0,0,0,0,0,0,0,0,0,0,0,0,0,0,0,0,0,0,0,0,0,1019649636
069,__,0,0,0,0,0,0,0,0,0,0,0,0,0,0,0,0,0,0,0,0,0,0,0,0,0,0,0,0,0,0,0,0,0,0,0,0,0,0,0,0,0,0,0,0,0,0,0,0,0,0,0,0,0,0,0,0,0,0,0,0,0,0,0,0,0,0,0,0,1613657185,32198563.89,68621963.44,67644793.26,107121.518,238544.2186,99069.4797,0,0,0,0,0,0,0,2922394.512,313384.826,0,0,2265766.262,183629.1068,382642.6213,254052.728,285780.1224,0,0,180273.2334,0,0,0,0,0,0,15875.79462,0,0,0,0,0,0,0,0,0,0,0,0,0,0,0,0,0,0,0,0,0,0,0,0,1789371040
070,____,0,0,0,0,0,0,0,0,0,0,0,0,0,0,0,0,0,0,0,0,0,0,0,0,0,0,0,0,0,0,0,0,0,0,0,0,0,0,0,0,0,0,0,0,0,0,0,0,0,0,0,0,0,0,0,0,0,0,0,0,0,0,0,0,0,0,0.00E+00,0,6938370.171,2.12E+07,39189.7543,39189.7543,16.13752901,27254.17425,16485.53447,0,0,0,0,0,0,0,0,0,0,0,0,0,0,0,0,0,0,0,0,0,0,0,0,0,0,0,0,0,0,0,0,0,0,0,0,0,0,0,0,0,0,0,0,0,0,0,0,0,0,28298490.49
071,____,0,0,0,0,0,0,0,0,0,0,0,0,0,0,0,0,0,0,0,0,0,0,0,0,0,0,0,0,0,0,0,0,0,0,0,0,0,0,0,0,0,0,0,0,0,0,0,0,0,0,0,0,0,0,0,0,0,0,0,0,0,0,0,0,0,0,0,0,43108962.86,58106.56594,4.90E+07,47982308.77,0,0,22428.61199,0,0,0,0,0,0,0,241451.8858,0,0,0,540014.794,10561.41156,0,0,0,0,0,0,0,0,0,0,0,0,0,0,0,0,0,0,0,0,0,0,0,0,0,0,0,0,0,0,0,0,0,0,0,0,0,140923313.9
072,________,0,0,0,0,0,0,0,0,0,0,0,0,0,0,0,0,0,0,0,0,0,0,0,0,0,0,0,0,0,0,0,0,0,0,0,0,0,0,0,0,0,0,0,0,0,0,0,0,0,0,0,0,0,0,0,0,0,0,0,0,0,0,0,0,0,0,0,0,42131792.68,58106.56594,47982308.77,4.80E+07,0,0,22428.61199,0,0,0,0,0,0,0,241451.8858,0,0,0,540014.794,10561.41156,0,0,0,0,0,0,0,0,0,0,0,0,0,0,0,0,0,0,0,0,0,0,0,0,0,0,0,0,0,0,0,0,0,0,0,0,0,138968973.5
073,__,0,0,0,0,0,0,0,0,0,0,0,0,0,0,0,0,0,0,0,0,0,0,0,0,0,0,29727,0,0,0,0,0,0,0,0,0,0,0,0,0,0,0,0,0,0,0,0,0,0,0,0,0,0,0,0,0,0,0,0,0,0,0,0,0,0,0,0,0,0,0,0,0,8.68E+08,13459692.99,0,0,0,0,0,0,0,0,0,0,0,0,0,0,0,157493.7034,0,0,0,0,0,0,0,0,0,0,0,0,0,0,0,0,0,0,0,0,0,0,0,0,0,0,0,0,0,0,0,0,0,0,0,881607079.1
074,______,0,0,0,0,0,0,0,0,0,0,0,0,0,0,0,0,0,0,0,0,0,0,0,0,0,0,0,0,0,0,0,0,0,0,0,0,0,0,0,0,0,0,0,0,0,0,0,0,0,0,0,0,0,0,0,0,0,0,0,0,0,0,0,0,0,0,0,0,0,0,0,0,18276835.5,298375259,0,0,0,0,0,0,0,0,0,0,0,0,0,0,0,0,0,0,0,0,0,0,0,0,0,0,0,0,0,0,0,0,0,0,0,0,0,0,0,0,0,0,0,0,0,0,0,0,0,0,0,316652094.5
075,__,0,0,0,0,0,0,0,0,0,0,0,0,0,0,0,0,0,0,0,0,0,0,0,0,0,0,0,0,0,0,0,0,0,0,0,0,0,0,0,0,0,0,0,0,0,0,0,0,0,0,0,0,0,0,0,0,0,0,0,0,0,0,0,0,0,0,0,0,0,0,0,0,0,0,20525501.05,0,0,0,0,0,0,0,0,0,0,0,0,0,0,0,0,0,0,0,0,0,0,0,0,0,0,0,0,0,0,0,0,0,0,0,0,0,0,0,0,0,0,0,0,0,0,0,0,0,0,20525501.05
076,_____,0,0,0,0,0,0,0,0,0,0,0,0,0,0,0,0,0,0,0,0,0,0,0,0,0,0,0,0,0,0,0,0,0,0,0,0,0,0,0,0,0,0,0,0,0,0,0,0,0,0,0,0,0,0,0,0,0,0,0,0,0,0,0,0,0,0,0,0,0,0,0,0,0,0,0,68581530.1,0,0,0,0,0,0,0,0,0,0,0,0,0,0,0,0,0,0,0,0,0,0,0,0,0,0,0,0,0,0,0,0,0,0,0,0,0,0,0,0,0,0,0,0,0,0,0,0,0,68581530.1
077,__,0,0,0,0,0,0,0,0,0,0,0,0,0,0,0,0,0,0,0,0,0,0,0,0,0,0,0,0,0,0,0,0,0,0,0,0,0,0,0,0,0,0,0,0,0,0,0,0,0,0,0,0,0,0,0,0,0,0,0,0,0,0,0,0,0,0,0,0,0,0,0,0,0,0,0,0,2.66E+10,0,0,0,0,0,0,0,0,0,0,0,0,0,0,0,0,0,0,0,0,0,0,0,0,0,0,0,0,0,0,0,0,0,0,0,0,0,0,0,0,0,0,0,0,0,0,0,0,26573263142
078,__,0,0,0,0,0,0,0,0,0,0,0,0,0,0,0,0,0,0,0,0,0,0,0,0,0,0,0,0,0,0,0,0,0,0,0,0,0,0,0,0,0,0,0,0,0,0,0,0,0,0,0,0,0,0,0,0,0,0,0,0,0,0,0,0,0,0,0,0,0,0,0,0,0,0,0,0,0,9.36E+09,0,0,0,0,0,0,0,0,0,0,0,0,0,0,0,0,0,0,0,0,0,0,0,0,0,0,0,0,0,0,0,0,0,0,0,0,0,0,0,0,0,0,0,0,0,0,0,9363606481
079,_____,0,0,0,0,0,0,0,0,0,0,0,0,0,0,0,0,0,0,0,0,0,0,0,0,0,0,0,0,0,0,0,0,0,0,0,0,0,0,0,0,0,0,0,0,0,0,0,0,0,0,0,0,0,0,0,0,0,0,0,0,0,0,0,0,0,0,0,0,0,0,0,0,0,0,0,0,0,0,5.55E+09,0,0,0,0,0,0,0,97827.19943,264097.0349,13578.24409,0,0,0,0,0,0,0,0,0,0,0,45908177.75,0,0,0,202289,0,0,0,0,0,0,0,0,0,0,0,0,0,0,0,0,0,0,0,0,5601113234
080,_________,0,0,0,0,0,0,0,0,0,0,0,0,0,0,0,0,0,0,0,0,0,0,0,0,0,0,0,0,0,0,0,0,0,0,0,0,0,0,0,0,0,0,0,0,0,0,0,0,0,0,0,0,0,0,0,0,0,0,0,0,0,0,0,0,0,0,0,0,0,0,0,0,0,0,0,4494252.163,0,0,0,1.24E+09,5451040.443,0,0,0,0,0,0,0,0,0,0,33344.82976,12373.40865,0,0,0,0,0,272983.945,0,0,2102035.966,191563.0903,12926367.25,365025609.8,364399.3992,0,13871230.72,1331203559,231920581,0,0,0,0,0,0,0,0,0,0,0,0,0,0,0,3206498982
081,_____,0,0,0,0,0,0,0,0,0,0,0,0,0,0,0,0,0,0,0,0,0,0,0,0,0,0,0,0,0,0,0,0,0,0,0,0,0,0,0,0,0,0,0,0,0,0,0,0,0,0,0,0,0,0,0,0,0,0,0,0,0,0,0,0,0,0,0,0,0,0,0,0,0,0,0,128313.0387,0,0,0,5839532.444,2.88E+08,0,0,0,0,0,0,0,0,0,0,1844.057971,651.6895318,0,0,0,0,0,16363.84483,0,0,19458.49981,1903.132928,2662568.07,11429214.03,310043.6159,0,28928861.83,5738850.321,53804979.05,0,0,0,0,0,0,0,0,0,0,0,0,0,0,0,397366418.5
082,____,0,0,0,0,0,0,0,0,0,0,0,0,0,0,0,0,0,0,0,0,0,0,0,0,0,0,0,0,0,0,0,0,0,0,0,0,0,0,0,0,0,0,0,0,0,0,0,0,0,0,0,0,0,0,0,0,0,0,0,0,0,0,0,0,0,0,0,0,0,0,0,0,0,0,13781.99665,0,0,0,0,0,0,1.04E+08,218836.0771,6241.859247,0,0,14114.00848,24076.65804,48835.33004,0,10020.80538,0,0,0,0,0,0,0,0,0,0,0,0,0,0,0,0,0,0,0,0,0,0,0,0,0,0,0,0,0,0,0,0,0,0,104680336.4
083,____,0,0,0,0,0,0,0,0,0,0,0,0,0,0,0,0,0,0,0,0,0,0,0,0,0,0,0,0,0,0,0,0,0,0,0,0,0,0,0,0,0,0,0,0,0,0,0,0,0,0,0,0,0,0,0,0,0,0,0,0,0,0,0,0,0,0,0,0,1633793.834,0,195106.1432,195106.1432,0,31727.81693,0,0,0,0,0,0,0,934113.4179,9.83E+08,1371603.849,7126723.768,857175.9466,22748661.16,15903551.53,7834091.798,41862.98106,0,0,0,20307.83046,0,0,0,0,0,0,0,0,0,0,0,0,0,0,0,0,0,0,0,0,0,0,0,0,0,0,0,0,0,0,0,1041702097
084,__,0,0,0,0,0,0,0,0,0,0,0,0,0,0,0,0,0,0,0,0,0,0,0,0,0,0,0,0,0,0,0,0,0,0,0,0,0,0,0,0,0,0,0,0,0,0,0,0,0,0,0,0,0,0,0,0,0,0,0,0,0,0,0,0,0,0,0,0,0,0,0,0,0,0,0,0,0,0,0,0,0,21105.89331,2564911.517,378557312.5,283794,541652.7124,1591144.585,3430159.719,5424535.551,0,0,0,0,0,0,0,0,0,0,0,0,0,0,0,0,0,0,0,0,0,0,0,0,0,0,0,0,0,0,0,0,0,0,0,0,392414616.5
085,____,0,0,0,0,0,0,0,0,0,0,0,0,0,0,0,0,0,0,0,0,0,0,0,0,0,0,0,0,0,0,0,0,0,0,0,0,0,0,0,0,0,0,0,0,0,0,0,0,0,0,0,0,0,0,0,0,0,0,0,0,0,0,0,0,0,0,0,0,0,0,0,0,0,0,0,0,0,0,0,0,0,0,0,492947.362,1.29E+08,0,0,0,459577.3318,0,0,0,0,0,0,0,0,0,0,0,0,0,0,0,0,0,0,0,0,0,0,0,0,0,0,0,0,0,0,0,0,0,0,0,0,130369983.6
086,______,0,0,0,0,0,0,0,0,0,0,0,0,0,0,0,0,0,0,0,0,0,0,0,0,0,0,0,0,0,0,0,0,0,0,0,0,0,0,0,0,0,0,0,0,0,0,0,0,0,0,0,0,0,0,0,0,0,0,0,0,0,0,0,0,0,0,0,0,0,0,0,0,0,0,0,0,0,0,0,0,0,0,35470.09287,0,0,7.94E+06,0,3352.209524,3404.574477,0,0,0,0,0,0,0,0,0,0,0,0,0,0,0,0,0,0,0,0,0,0,0,0,0,0,0,0,0,0,0,0,0,0,0,0,7980261.208
087,__,0,0,0,0,0,0,0,0,959.6601012,959.6601012,1049.244209,0,0,0,0,4398,0,0,0,0,0,0,0,0,0,0,0,0,0,0,0,0,0,0,0,0,0,0,0,0,0,0,0,0,0,0,0,0,0,0,0,0,0,0,0,0,0,0,0,0,0,0,0,0,0,0,0,0,0,0,0,0,0,0,0,0,0,0,0,0,0,0,3866832.028,262147.8868,406219.8501,97278.03085,6.37E+07,3649919.636,899116.1735,0,0,0,0,0,0,0,0,0,0,0,0,0,0,0,42020.71209,0,0,0,0,0,0,0,0,0,0,0,0,0,0,0,0,0,0,0,0,72923610.61
088,________,0,0,0,0,0,0,0,0,0,0,0,0,0,0,0,0,0,0,0,0,0,0,0,0,0,0,0,0,0,0,0,0,0,0,0,0,0,0,0,0,0,0,0,0,0,0,0,0,0,0,0,0,0,0,0,0,0,0,0,0,0,0,0,0,0,0,0,0,0,0,0,0,0,85962,173080.6786,0,0,0,0,0,0,1614.894045,8458165.169,3486071.44,35434.83189,8942.783203,14726747.02,5.19E+08,6300899.056,0,0,0,0,16034.89324,0,0,0,0,0,0,0,0,0,0,0,0,0,0,0,0,0,0,0,0,0,0,0,0,0,0,0,0,0,0,0,552058399.8
089,______,0,0,0,0,0,0,0,0,0,0,0,0,0,0,0,0,0,0,0,0,0,0,0,0,0,0,0,0,0,0,0,0,0,0,0,0,0,0,0,0,0,0,0,0,0,0,0,0,0,0,0,0,0,0,0,0,0,0,0,0,0,0,0,0,0,0,0,0,0,0,0,0,307.0003443,0,0,0,0,0,0,0,0,1218.939267,2651949.126,940631.0043,13971,58708.40121,799963.9271,2.26E+06,1.44E+08,0,0,0,0,0,0,0,0,0,0,0,0,0,0,0,0,0,0,0,0,0,0,0,0,0,0,0,0,0,0,0,0,0,0,0,0,150845197.8
090,__,0,0,0,0,0,0,0,0,0,0,0,0,0,0,0,0,0,0,0,0,0,0,0,0,0,0,0,0,0,0,0,0,0,0,0,0,0,0,0,0,0,0,0,0,0,0,0,0,0,0,0,0,0,0,0,0,0,0,0,0,0,0,0,0,0,0,0,0,0,0,0,0,0,0,0,0,0,0,0,0,0,0,0,0,0,0,14728.39176,0,0,8.26E+08,2314391.703,0,0,103097.6913,0,0,0,0,0,0,0,0,0,0,0,0,0,0,0,0,0,0,0,0,0,0,0,0,0,0,0,0,0,0,0,828481967.8
091,__,0,0,0,0,0,0,0,0,0,0,0,0,0,0,0,0,0,0,0,0,0,0,0,0,0,0,0,0,0,0,0,0,0,0,0,0,0,0,0,0,0,0,0,0,0,0,0,0,0,0,0,0,0,0,0,0,0,0,0,0,0,0,0,0,0,0,0,0,0,0,0,0,0,0,0,0,0,0,0,0,0,0,0,0,0,0,0,0,0,9057229.249,2.11E+08,0,0,2150347.006,0,0,0,0,0,0,165685.112,0,0,0,0,0,0,0,0,0,0,0,0,0,0,0,0,0,0,0,0,0,0,0,0,222585130.1
092,______,0,0,0,0,0,0,0,0,0,0,0,0,0,0,0,0,0,0,0,0,0,0,0,0,0,0,0,0,0,0,0,0,0,0,0,0,0,0,0,0,0,0,0,0,0,0,0,0,0,0,0,0,0,0,0,0,0,0,0,0,0,0,0,0,0,0,0,0,0,0,0,0,0,0,0,272122.2226,0,0,0,307298.8657,22390.95167,0,0,0,0,0,0,0,0,0,0,1.21E+09,5623284.922,0,0,0,0,0,796131.9425,0,0,481549.5913,65963.66554,33804671.39,182781062.1,721.1164928,0,60592.08476,21148517.92,17736717.95,0,0,0,0,0,0,0,0,0,0,0,0,0,0,0,1469243718
093,_____________,0,0,0,0,0,0,0,0,0,0,0,0,0,0,0,0,0,0,0,0,0,0,0,0,0,0,0,0,0,0,0,0,0,0,0,0,0,0,0,0,0,0,0,0,0,0,0,0,0,0,0,0,0,0,0,0,0,0,0,0,0,0,0,0,0,0,0,0,0,0,0,0,0,0,0,1382829.915,0,0,0,6406.238737,270.8211239,0,0,0,0,0,0,0,0,0,0,1711569.272,68769119.07,0,0,0,0,0,0,0,0,175315.0059,28216.42869,124163.9767,959676.9729,313.7279876,0,412861.081,341904.2547,52718.41804,0,0,0,0,0,0,0,0,0,0,0,0,0,0,0,73965365.18
094,____________,0,0,0,0,0,0,0,0,0,0,0,0,0,0,0,0,0,0,0,0,0,0,0,0,0,0,0,0,0,0,0,0,0,0,0,0,0,0,0,0,0,0,0,0,0,0,0,0,0,0,0,0,0,0,0,0,0,0,0,0,0,0,0,0,0,0,0,0,0,0,0,0,0,0,0,0,0,0,0,0,0,0,0,0,0,0,0,0,0,6420.349938,13659.66844,0,0,210238768.1,0,0,0,0,0,0,0,0,0,0,0,0,0,0,0,0,0,0,0,0,0,0,0,0,0,0,0,0,0,0,0,210258848.1
095,__,0,0,0,0,0,0,0,0,0,0,0,0,0,0,0,0,0,0,0,0,0,0,0,0,0,0,0,0,0,0,0,0,0,0,0,0,0,0,0,0,0,0,0,0,0,0,0,0,0,0,0,0,0,0,0,0,0,0,0,0,0,0,0,0,0,0,0,0,0,0,0,0,0,0,0,0,0,0,0,0,0,0,0,0,0,0,0,0,0,0,0,0,0,0,191918689.9,0,0,0,0,0,0,0,0,0,0,0,0,0,0,0,0,0,0,0,0,0,0,0,0,0,0,0,0,0,0,191918689.9
096,__,0,0,0,0,0,0,0,0,0,0,0,0,0,0,0,0,0,0,0,0,0,0,0,0,0,0,0,0,0,0,0,0,0,0,0,0,0,0,0,0,0,0,0,0,0,0,0,0,0,0,0,0,0,0,0,0,0,0,0,0,0,0,0,0,0,0,0,0,0,0,0,0,0,0,0,0,0,0,0,0,0,0,0,0,0,0,0,0,0,0,0,0,0,0,0,102642151.6,0,0,0,0,0,0,0,0,0,0,0,0,0,0,0,0,0,0,0,0,0,0,0,0,0,0,0,0,0,102642151.6
097,__,0,0,0,0,0,0,0,0,0,0,0,0,0,0,0,0,0,0,0,0,0,0,0,0,0,0,0,0,0,0,0,0,0,0,0,0,0,0,0,0,0,0,0,0,0,0,0,0,0,0,0,0,0,0,0,0,0,0,0,0,0,0,0,0,0,0,0,0,0,0,0,0,0,0,0,0,0,0,0,0,0,0,0,0,0,0,0,0,0,0,0,0,0,0,0,0,2299017669,0,0,0,0,0,0,0,0,0,0,0,0,0,0,0,0,0,0,0,0,0,0,0,0,0,0,0,0,2299017669
098,____,0,0,0,0,0,0,0,0,0,0,0,0,0,0,0,0,0,0,0,0,0,0,0,0,0,0,0,0,0,0,0,0,0,0,0,0,0,0,0,0,0,0,0,0,0,0,0,0,0,0,0,0,0,0,0,0,0,0,0,0,0,0,0,0,0,0,0,0,0,0,0,0,0,0,0,0,0,0,0,0,0,0,0,0,0,0,0,0,0,0,0,0,0,0,0,0,0,27041646.09,0,0,0,0,0,0,0,0,0,0,0,0,0,0,0,0,0,0,0,0,0,0,0,0,0,0,0,27041646.09
099,_________,0,0,0,0,0,0,0,0,0,0,0,0,0,0,0,0,0,0,0,0,0,0,0,0,0,0,0,0,0,0,0,0,0,0,0,0,0,0,0,0,0,0,0,0,0,0,0,0,0,0,0,0,0,0,0,0,0,0,0,0,0,0,0,0,0,0,0,0,0,0,0,0,0,0,0,0,0,0,0,0,0,0,0,0,0,0,0,0,0,0,0,0,0,0,0,0,0,0,523820438.9,0,0,0,0,0,0,0,0,0,0,0,0,0,0,0,0,0,0,0,0,0,0,0,0,0,0,523820438.9
100,__,0,0,0,0,0,0,0,0,0,0,0,0,0,0,0,0,0,0,0,0,0,0,0,0,0,0,0,0,0,0,0,0,0,0,0,0,0,0,0,0,0,0,0,0,0,0,0,0,0,0,0,0,0,0,0,0,0,0,0,0,0,0,0,0,0,0,0,0,0,0,0,0,0,0,0,0,0,0,0,0,0,0,0,0,0,0,0,0,0,0,0,0,0,0,0,0,0,0,0,3.88E+08,0,0,0,0,0,0,0,0,0,0,0,0,0,0,0,0,0,0,0,0,0,0,0,0,0,387698555.1
101,_____________,0,0,0,0,0,0,0,0,0,0,0,0,0,0,0,0,0,0,0,0,0,0,0,0,0,0,0,0,0,0,0,0,0,0,0,0,0,0,0,0,0,0,0,0,0,0,0,0,0,0,0,0,0,0,0,0,0,0,0,0,0,0,0,0,0,0,0,0,2030979.711,14967.65727,197305.8149,197305.8149,0,0,71056.89125,0,0,0,420155.9218,0,0,0,796372.8189,99695.86264,0,0,23610.62526,4425641.642,138351.5235,1549717.676,0,0,0,244789.8503,0,0,0,0,0,0,1.07E+07,0,0.00E+00,0,808908.3549,0,0,0,0,0,0,0,0,0,0,0,0,0,0,0,0,0,0,0,0,21739181.72
102,________,0,0,0,0,0,0,0,0,0,0,0,0,0,0,0,0,0,0,0,0,0,0,0,0,0,0,0,0,0,0,0,0,0,0,0,0,0,0,0,0,0,0,0,0,0,0,0,0,0,0,0,0,0,0,0,0,0,0,0,0,0,0,0,0,0,0,0,0,0,0,0,0,0,0,0,7926.610579,0,0,0,3879553.763,150159.6237,0,0,0,0,0,0,0,0,0,0,1369916.033,61226.77527,0,0,0,0,0,0,0,0,791417378.9,12971.30401,138855371.9,212297676.5,34177.99446,0,94914801.91,456863402.6,107586173,0,0,0,0,0,0,0,0,0,0,0,0,0,0,0,1807450737
103,__,0,0,0,0,0,0,0,0,0,0,0,0,0,0,0,0,0,0,0,0,0,0,0,0,0,0,0,0,0,0,0,0,0,0,0,0,0,0,0,0,0,0,0,0,0,0,0,0,0,0,0,0,0,0,0,0,0,0,0,0,0,0,0,0,0,0,0,0,0,0,0,0,0,0,0,2693719.245,0,0,0,193010.8008,19250.75359,0,0,0,0,0,0,0,0,0,0,56886.4896,38884.1058,0,0,0,0,0,10720.9569,0,0,5102.22246,4.55E+08,0,30050729.43,0,0,77958.64061,999112.8162,37979260.93,0,0,0,0,0,0,0,0,0,0,0,0,0,0,0,527079160.3
104,__________,0,0,0,0,0,0,0,0,0,0,0,0,0,0,0,0,0,0,0,0,0,0,0,0,0,0,0,0,0,0,0,0,0,0,0,0,0,0,0,0,0,0,0,0,0,0,0,0,0,0,0,0,0,0,0,0,0,0,0,0,0,0,0,0,0,0,0,0,0,0,0,0,0,0,0,0,0,0,0,0,0,0,0,0,0,0,0,0,0,0,0,0,0,0,0,0,0,0,0,0,0,0,0,1.87E+07,0,0,0,0,0,0,0,0,0,0,0,0,0,0,0,0,0,0,0,0,0,18739275.11
105,____________,0,0,0,0,0,0,0,0,0,0,0,0,0,0,0,0,0,0,0,0,0,0,0,0,0,0,0,0,0,0,0,0,0,0,0,0,0,0,0,0,0,0,0,0,0,0,0,0,0,0,0,0,0,0,0,0,0,0,0,0,0,0,0,0,0,0,0,0,0,0,0,0,0,0,0,3144764.5,0,0,80814636.75,1537902.713,515771.1182,0,0,0,0,0,33180.08382,0,0,0,0,1594323.525,66687.88542,0,0,0,0,0,1105367.641,0,9233872.192,83643.78546,1534307.351,5.60E+06,1452311715,3661761.514,0,3037506.547,2346341.109,23719563.63,0,0,0,0,0,0,0,0,0,0,0,0,0,0,0,1590344155
106,___,0,0,0,0,0,0,0,0,0,0,0,0,0,0,0,0,0,0,0,0,0,0,0,0,0,0,0,0,0,0,0,0,0,0,0,0,0,0,0,0,0,0,0,0,0,0,0,0,0,0,0,0,0,0,0,0,0,0,0,0,0,0,0,0,0,0,0,0,0,0,0,0,0,0,0,1745265.773,0,0,0,1172723.428,206501.9844,0,0,0,0,0,0,0,0,0,0,643.7015951,49346.62083,0,0,0,0,0,305417.1904,0,0,140023.9836,804.3598181,1095415.736,28425207.56,179487403.8,0,20517296.45,51125367.45,92550016.04,0,0,0,0,0,0,0,0,0,0,0,0,0,0,0,376821434.1
107,______,0,0,0,0,0,0,0,0,0,0,0,0,0,0,0,0,0,0,0,0,0,0,0,0,0,0,0,0,0,0,0,0,0,0,0,0,0,0,0,0,0,0,0,0,0,0,0,0,0,0,0,0,0,0,0,0,0,0,0,0,0,0,0,0,0,0,0,0,0,0,0,0,0,0,0,0,0,0,0,0,0,0,0,0,0,0,0,0,0,0,0,0,0,0,0,0,0,0,0,0,0,0,0,0,0,0,1225533012,0,0,0,0,0,0,0,0,0,0,0,0,0,0,0,0,0,0,1225533012
108,____________,0,0,0,0,0,0,0,0,0,0,0,0,0,0,0,0,0,0,0,0,0,0,0,0,0,0,0,0,0,0,0,0,0,0,0,0,0,0,0,0,0,0,0,0,0,0,0,0,0,0,0,0,0,0,0,0,0,0,0,0,0,0,0,0,0,0,0,0,0,0,0,0,0,0,0,0,0,0,0,0,0,0,0,0,0,0,0,0,0,0,0,0,0,0,0,0,0,0,0,0,0,0,0,0,0,0,0,1383757162,0,0,0,0,0,0,0,0,0,0,0,0,0,0,0,0,0,1383757162
109,______,0,0,0,0,0,0,0,0,0,0,0,0,0,0,0,0,0,0,0,0,0,0,0,0,0,0,0,0,0,0,0,0,0,0,0,0,0,0,0,0,0,0,0,0,0,0,0,0,0,0,0,0,0,0,0,0,0,0,0,0,0,0,0,0,0,0,0.00E+00,0,0,0,0,0,0,0,0,0,0,0.00E+00,0.00E+00,0,0,0,0,0,0,0,0,0,0,0.00E+00,0,0,0.00E+00,0,0.00E+00,0.00E+00,0.00E+00,0.00E+00,0,0.00E+00,0.00E+00,0.00E+00,0.00E+00,0.00E+00,0,0.00E+00,0.00E+00,0.00E+00,120197711.1,0,0,0,0,0,0,0,0,0,0,0,0,0,0.00E+00,0,0,120197711.1
110,___________,0,0,0,0,0,0,0,0,0,0,0,0,0,0,0,0,0,0,0,0,0,0,0,0,0,0,0,0,0,0,0,0,0,0,0,0,0,0,0,0,0,0,0,0,0,0,0,0,0,0,0,0,0,0,0,0,0,0,0,0,0,0,0,0,0,0,0,0,0,0,0,0,0,0,0,28835631.62,0,0,0,340972.042,1244.460171,0,0,0,0,0,0,0,0,0,0,2321775.208,0,0,0,0,0,0,1921745.769,0,0,48797.65647,39474.17577,74346495.86,158346636,340507.6415,0,849192.096,7915331.382,309124990.5,0,0,0,0,0,0,0,0,0,0,0,0,0,0,0,584432794.4
111,____,0,0,0,0,0,0,0,0,0,0,0,0,0,15567.11892,0,0,0,0,0,0,0,0,0,0,0,0,0,0,0,0,0,0,0,0,0,0,0,0,0,0,0,0,0,0,0,0,0,0,0,0,0,0,0,0,0,0,0,0,0,0,0,0,0,0,0,0,0,0,0,0,0,0,0,0,0,0,0,0,5,0,0,0,0,0,0,0,0,0,0,0,0,0,0,0,0,0,0,0,0,0,0,0,0,0,0,0,0,0,0,0,166813571,0,0,0,0,0,0,0,0,0,0,0,0,0,0,166829143.1
120,____,0,0,0,0,0,0,0,0,0,0,0,0,0,0,0,0,0,0,0,0,0,0,0,0,0,0,0,0,0,0,0,0,0,0,0,0,0,0,0,0,0,0,0,0,0,0,0,0,0,0,0,0,0,0,0,0,0,0,0,0,0,0,0,0,0,0,0,0,0,0,0,0,0,0,0,0,0,0,0,0,0,0,0,0,0,0,0,0,0,0,0,0,0,0,0,0,0,0,0,0,0,0,0,0,0,0,0,0,0,0,0,0,0,0,0,0,0,0,0,0,0,0,0,0,0,0
121,___,0,0,0,0,0,0,0,0,0,0,0,0,0,0,0,0,0,0,0,0,0,0,0,0,0,0,0,0,0,0,0,0,0,0,0,0,0,0,0,0,0,0,0,0,0,0,0,0,0,0,0,0,0,0,0,0,0,0,0,0,0,0,0,0,0,0,0,0,0,0,0,0,0,0,0,0,0,0,0,0,0,0,0,0,0,0,0,0,0,0,0,0,0,0,0,0,0,0,0,0,0,0,0,0,0,0,0,0,0,0,0,0,0,0,0,0,0,0,0,0,0,0,0,0,0,0
122,_____,0,0,0,0,0,0,0,0,0,0,0,0,0,0,0,0,0,0,0,0,0,0,0,0,0,0,0,0,0,0,0,0,0,0,0,0,0,0,0,0,0,0,0,0,0,0,0,0,0,0,0,0,0,0,0,0,0,0,0,0,0,0,0,0,0,0,0,0,0,0,0,0,0,0,0,0,0,0,0,0,0,0,0,0,0,0,0,0,0,0,0,0,0,0,0,0,0,0,0,0,0,0,0,0,0,0,0,0,0,0,0,0,0,0,0,0,0,0,0,0,0,0,0,0,0,0
123,________,0,0,0,0,0,0,0,0,0,0,0,0,0,0,0,0,0,0,0,0,0,0,0,0,0,0,0,0,0,0,0,0,0,0,0,0,0,0,0,0,0,0,0,0,0,0,0,0,0,0,0,0,0,0,0,0,0,0,0,0,0,0,0,0,0,0,0,0,0,0,0,0,0,0,0,0,0,0,0,0,0,0,0,0,0,0,0,0,0,0,0,0,0,0,0,0,0,0,0,0,0,0,0,0,0,0,0,0,0,0,0,0,0,0,0,0,0,0,0,0,0,0,0,0,0,0
124,__,0,0,0,0,0,0,0,0,0,0,0,0,0,0,0,0,0,0,0,0,0,0,0,0,0,0,0,0,0,0,0,0,0,0,0,0,0,0,0,0,0,0,0,0,0,0,0,0,0,0,0,0,0,0,0,0,0,0,0,0,0,0,0,0,0,0,0,0,0,0,0,0,0,0,0,0,0,0,0,0,0,0,0,0,0,0,0,0,0,0,0,0,0,0,0,0,0,0,0,0,0,0,0,0,0,0,0,0,0,0,0,0,0,0,0,0,0,0,0,0,0,0,0,0,0,0
125,__,0,0,0,0,0,0,0,0,0,0,0,0,0,0,0,0,0,0,0,0,0,0,0,0,0,0,0,0,0,0,0,0,0,0,0,0,0,0,0,0,0,0,0,0,0,0,0,0,0,0,0,0,0,0,0,0,0,0,0,0,0,0,0,0,0,0,0,0,0,0,0,0,0,0,0,0,0,0,0,0,0,0,0,0,0,0,0,0,0,0,0,0,0,0,0,0,0,0,0,0,0,0,0,0,0,0,0,0,0,0,0,0,0,0,0,0,0,0,0,0,0,0,0,0,0,0
126,__,0,0,0,0,0,0,0,0,0,0,0,0,0,0,0,0,0,0,0,0,0,0,0,0,0,0,0,0,0,0,0,0,0,0,0,0,0,0,0,0,0,0,0,0,0,0,0,0,0,0,0,0,0,0,0,0,0,0,0,0,0,0,0,0,0,0,0,0,0,0,0,0,0,0,0,0,0,0,0,0,0,0,0,0,0,0,0,0,0,0,0,0,0,0,0,0,0,0,0,0,0,0,0,0,0,0,0,0,0,0,0,0,0,0,0,0,0,0,0,0,0,0,0,0,0,0
127,____,0,0,0,0,0,0,0,0,0,0,0,0,0,0,0,0,0,0,0,0,0,0,0,0,0,0,0,0,0,0,0,0,0,0,0,0,0,0,0,0,0,0,0,0,0,0,0,0,0,0,0,0,0,0,0,0,0,0,0,0,0,0,0,0,0,0,0,0,0,0,0,0,0,0,0,0,0,0,0,0,0,0,0,0,0,0,0,0,0,0,0,0,0,0,0,0,0,0,0,0,0,0,0,0,0,0,0,0,0,0,0,0,0,0,0,0,0,0,0,0,0,0,0,0,0,0
128,_________,0,0,0,0,0,0,0,0,0,0,0,0,0,0,0,0,0,0,0,0,0,0,0,0,0,0,0,0,0,0,0,0,0,0,0,0,0,0,0,0,0,0,0,0,0,0,0,0,0,0,0,0,0,0,0,0,0,0,0,0,0,0,0,0,0,0,0,0,0,0,0,0,0,0,0,0,0,0,0,0,0,0,0,0,0,0,0,0,0,0,0,0,0,0,0,0,0,0,0,0,0,0,0,0,0,0,0,0,0,0,0,0,0,0,0,0,0,0,0,0,0,0,0,0,0,0
130,____,0,0,0,0,0,0,0,0,0,0,0,0,0,0,0,0,0,0,0,0,0,0,0,0,0,0,0,0,0,0,0,0,0,0,0,0,0,0,0,0,0,0,0,0,0,0,0,0,0,0,0,0,0,0,0,0,0,0,0,0,0,0,0,0,0,0,0,0,0,0,0,0,0,0,0,0,0,0,0,0,0,0,0,0,0,0,0,0,0,0,0,0,0,0,0,0,0,0,0,0,0,0,0,0,0,0,0,0,0,0,0,0,0,0,0,0,0,0,0,0,0,0,0,0,0,0
131,__,0,0,0,0,0,0,0,0,0,0,0,0,0,0,0,0,0,0,0,0,0,0,0,0,0,0,0,0,0,0,0,0,0,0,0,0,0,0,0,0,0,0,0,0,0,0,0,0,0,0,0,0,0,0,0,0,0,0,0,0,0,0,0,0,0,0,0,0,0,0,0,0,0,0,0,0,0,0,0,0,0,0,0,0,0,0,0,0,0,0,0,0,0,0,0,0,0,0,0,0,0,0,0,0,0,0,0,0,0,0,0,0,0,0,0,0,0,0,0,0,0,0,0,0,0,0
132,__,0,0,0,0,0,0,0,0,0,0,0,0,0,0,0,0,0,0,0,0,0,0,0,0,0,0,0,0,0,0,0,0,0,0,0,0,0,0,0,0,0,0,0,0,0,0,0,0,0,0,0,0,0,0,0,0,0,0,0,0,0,0,0,0,0,0,0,0,0,0,0,0,0,0,0,0,0,0,0,0,0,0,0,0,0,0,0,0,0,0,0,0,0,0,0,0,0,0,0,0,0,0,0,0,0,0,0,0,0,0,0,0,0,0,0,0,0,0,0,0,0,0,0,0,0,0
133,____,0,0,0,0,0,0,0,0,0,0,0,0,0,0,0,0,0,0,0,0,0,0,0,0,0,0,0,0,0,0,0,0,0,0,0,0,0,0,0,0,0,0,0,0,0,0,0,0,0,0,0,0,0,0,0,0,0,0,0,0,0,0,0,0,0,0,0,0,0,0,0,0,0,0,0,0,0,0,0,0,0,0,0,0,0,0,0,0,0,0,0,0,0,0,0,0,0,0,0,0,0,0,0,0,0,0,0,0,0,0,0,0,0,0,0,0,0,0,0,0,0,0,0,0,0,0
134,_____________,0,0,0,0,0,0,0,0,0,0,0,0,0,0,0,0,0,0,0,0,0,0,0,0,0,0,0,0,0,0,0,0,0,0,0,0,0,0,0,0,0,0,0,0,0,0,0,0,0,0,0,0,0,0,0,0,0,0,0,0,0,0,0,0,0,0,0,0,0,0,0,0,0,0,0,0,0,0,0,0,0,0,0,0,0,0,0,0,0,0,0,0,0,0,0,0,0,0,0,0,0,0,0,0,0,0,0,0,0,0,0,0,0,0,0,0,0,0,0,0,0,0,0,0,0,0
,__,48726443.55,90322175.38,38882397.71,52383143.31,53571122.42,6278141.24,13716990.48,21827275.13,153346819.4,151366189.1,253727328.5,173735777.9,181952102.4,170444688.9,507330170.8,406205124.4,508318752.4,182309337.2,165831622,664222967.4,668313575.7,510448074.3,845847023.2,530629368.3,337504614.2,696088770.9,169773528.6,167833815.3,83426680.26,83426680.26,166235403.2,165876530.9,174334735.4,334003298.7,331790216,502204120.4,1004098530,665102608.5,1493368138,168255961.6,179986258.3,166075730.9,1004680622,195153308.2,584190461.8,83411525.27,176427649.5,863070428.2,166543900,204179077.1,1347867920,670471576,1351005740,836877607,177989006.8,944227771,345062700.6,498751331.6,502004598.5,387541870.9,176700902.5,181232372.9,103687183,103687183,173655687.1,664060988.1,1664344008,1019649636,1709501084,53567729.64,165995352.9,164041012.5,887513787.8,312218440.2,20943832.85,113539093.6,26573263142,9364207695,5635889869,1251908180,294850465,105302482.8,1004806106,385530036.6,137283602.3,9501792.205,107366426.2,548931209.9,165623268.2,837116526.7,213835721,1213232996,74621574.47,212953618.6,191918689.9,102642395.6,2299017669,27041646.09,528249170.2,387698555.1,66043932.41,794473305.6,456829727.4,296980852.3,2442692339,184199328.8,1225534504,1546427463,1997880098,874475000.6,166845931.3,0,0,0,0,0,0,0,0,0,0,0,0,0,0,92868092943